Workbook

Sheet Product_Audit
A1: SKU | B1: Category | C1: Product Name | D1: Flavor | E1: Ingredients | F1: Allergens | G1: Nutrition Facts Status | H1: Net Weight | I1: Serving Size | J1: Storage Temperature | K1: Shelf Life | L1: Country of Sale | M1: Packaging Type | N1: Barcode Status | O1: Product Description Status | P1: Mandatory Attributes Status | Q1: Launch Status | R1: Validation Result
A2: FD-TUB-1001 | B2: Ice Cream Tubs | C2: Chocolate Ice Cream | D2: Chocolate | E2: Milk, cream, sugar, skim milk powder, glucose syrup, emulsifier (mono- and diglycerides of fatty acids), stabilizers (locust bean gum, guar gum, carrageenan), cocoa powder (4%), natural flavor | F2: Milk | G2: Complete | H2: 473 mL | I2: 2/3 cup (95 g) | J2: -18°C | K2: 12 months | L2: United States | M2: Paperboard tub with PP lid | N2: Missing | O2: Complete | P2: Incomplete | Q2: Blocked | R2: Blocked: Barcode missing
A3: FD-TUB-1002 | B3: Ice Cream Tubs | C3: Vanilla Bean Ice Cream | D3: Vanilla | E3: Milk, cream, sugar, skim milk powder, glucose syrup, emulsifier (mono- and diglycerides of fatty acids), stabilizers (locust bean gum, guar gum, carrageenan), egg yolk, natural vanilla extract, ground vanilla bean | F3: Milk, Eggs | G3: Complete | H3: 500 mL | I3: 2/3 cup (250 g) | J3: -18°C | K3: 18 months | L3: Brazil | M3: Paperboard tub with PP lid | N3: Valid | O3: Complete | P3: Complete | Q3: Warning | R3: Warning: Serving size inconsistent
A4: FD-TUB-1003 | B4: Ice Cream Tubs | C4: Strawberry Ice Cream | D4: Strawberry | E4: Milk, cream, sugar, skim milk powder, glucose syrup, emulsifier (mono- and diglycerides of fatty acids), stabilizers (locust bean gum, guar gum, carrageenan), strawberries (12%), strawberry puree, beet juice concentrate (color), natural flavor | F4: Milk | G4: Complete | H4: 1 L | I4: 2/3 cup (95 g) | J4: -18°C | K4: 18 months | L4: United States | M4: Paperboard tub with PP lid | N4: Valid | O4: Complete | P4: Complete | Q4: Approved | R4: Approved: All mandatory data complete
A5: FD-TUB-1004 | B5: Ice Cream Tubs | C5: Pistachio Gelato | D5: Pistachio | E5: Whole milk, sugar, cream, skim milk powder, dextrose, stabilizers (locust bean gum, guar gum), pistachio paste (8%), roasted pistachios, salt | F5: Milk, Tree Nuts (Pistachio) | G5: Complete | H5: 500 mL | I5: 2/3 cup (100 g) | J5: -18°C | K5: 15 months | L5: United States | M5: Paperboard tub with PP lid | N5: Valid | O5: Complete | P5: Complete | Q5: Approved | R5: Approved: All mandatory data complete
A6: FD-TUB-1005 | B6: Ice Cream Tubs | C6: Salted Caramel Ice Cream | D6: Salted Caramel | E6: Milk, cream, sugar, skim milk powder, glucose syrup, emulsifier (mono- and diglycerides of fatty acids), stabilizers (locust bean gum, guar gum, carrageenan), caramel sauce (sugar, glucose syrup, cream, butter, salt) (10%), sea salt | F6: Milk | G6: Complete | H6: 473 mL | I6: 2/3 cup (95 g) | J6: -18°C | K6: 18 months | L6: United States | M6: Paperboard tub with PP lid | N6: Valid | O6: Complete | P6: Complete | Q6: Approved | R6: Approved: All mandatory data complete
A7: FD-TUB-1006 | B7: Ice Cream Tubs | C7: Cookies & Cream Ice Cream | D7: Cookies & Cream | E7: Milk, cream, sugar, skim milk powder, glucose syrup, emulsifier (mono- and diglycerides of fatty acids), stabilizers (locust bean gum, guar gum, carrageenan), chocolate cookie pieces (wheat flour, sugar, palm oil, cocoa powder, soy lecithin, sodium bicarbonate, salt) (9%), natural vanilla flavor | F7: Milk, Wheat, Soy | G7: Complete | H7: 500 mL | I7: 2/3 cup (95 g) | J7: -18°C | L7: United States | M7: Paperboard tub with PP lid | N7: Valid | O7: Complete | P7: Complete | Q7: Warning | R7: Warning: Shelf life missing
A8: FD-TUB-1007 | B8: Ice Cream Tubs | C8: Mint Chocolate Chip Ice Cream | D8: Mint Chocolate Chip | E8: Milk, cream, sugar, skim milk powder, glucose syrup, emulsifier (mono- and diglycerides of fatty acids), stabilizers (locust bean gum, guar gum, carrageenan), dark chocolate chips (sugar, cocoa mass, cocoa butter, soy lecithin) (7%), natural peppermint oil, spirulina extract (color) | F8: Milk, Soy | G8: Complete | H8: 1 L | I8: 2/3 cup (250 g) | J8: -18°C | K8: 12 months | L8: Canada | M8: Paperboard tub with PP lid | N8: Valid | O8: Complete | P8: Complete | Q8: Warning | R8: Warning: Serving size inconsistent
A9: FD-TUB-1008 | B9: Ice Cream Tubs | C9: Coffee Ice Cream | D9: Coffee | E9: Milk, cream, sugar, skim milk powder, glucose syrup, emulsifier (mono- and diglycerides of fatty acids), stabilizers (locust bean gum, guar gum, carrageenan), coffee extract (2%), soluble coffee | F9: Milk | G9: Complete | H9: 1.5 L | I9: 2/3 cup (95 g) | J9: -18°C | K9: 15 months | L9: United States | M9: Paperboard tub with PP lid | N9: Valid | O9: Incomplete | P9: Complete | Q9: Warning | R9: Warning: Product description incomplete
A10: FD-TUB-1009 | B10: Ice Cream Tubs | C10: Hazelnut Gelato | D10: Hazelnut | E10: Whole milk, sugar, cream, skim milk powder, dextrose, stabilizers (locust bean gum, guar gum), hazelnut paste (10%), roasted hazelnut pieces | F10: Milk, Tree Nuts (Hazelnut) | G10: Complete | H10: 500 mL | I10: 2/3 cup (100 g) | J10: -20°C | K10: 12 months | L10: Canada | M10: Paperboard tub with PP lid | N10: Valid | O10: Complete | P10: Complete | Q10: Approved | R10: Approved: All mandatory data complete
A11: FD-TUB-1010 | B11: Ice Cream Tubs | C11: Dulce de Leche Ice Cream | D11: Dulce de Leche | E11: Milk, cream, sugar, skim milk powder, glucose syrup, emulsifier (mono- and diglycerides of fatty acids), stabilizers (locust bean gum, guar gum, carrageenan), dulce de leche swirl (sweetened condensed milk, sugar, sodium bicarbonate) (12%) | G11: Complete | H11: 500 mL | I11: 2/3 cup (95 g) | J11: -18°C | K11: 12 months | L11: Canada | M11: Paperboard tub with PP lid | N11: Valid | O11: Complete | P11: Incomplete | Q11: Blocked | R11: Blocked: Missing allergen declaration
A12: FD-TUB-1011 | B12: Ice Cream Tubs | C12: Rocky Road Ice Cream | D12: Rocky Road | E12: Milk, cream, sugar, skim milk powder, glucose syrup, emulsifier (mono- and diglycerides of fatty acids), stabilizers (locust bean gum, guar gum, carrageenan), cocoa powder, mini marshmallows (sugar, glucose syrup, water, gelatin, natural flavor), roasted almonds (5%), chocolate flakes (sugar, cocoa mass, cocoa butter, soy lecithin) | G12: Complete | H12: 1 L | I12: 2/3 cup (95 g) | J12: -18°C | K12: 18 months | L12: United States | M12: Paperboard tub with PP lid | N12: Valid | O12: Complete | P12: Incomplete | Q12: Blocked | R12: Blocked: Missing allergen declaration
A13: FD-TUB-1012 | B13: Ice Cream Tubs | C13: Butter Pecan Ice Cream | D13: Butter Pecan | E13: Milk, cream, sugar, skim milk powder, glucose syrup, emulsifier (mono- and diglycerides of fatty acids), stabilizers (locust bean gum, guar gum, carrageenan), buttered pecans (pecans, butter, salt) (8%), natural butter flavor | F13: Milk, Tree Nuts (Pecan) | G13: Complete | H13: 1.5 L | I13: 2/3 cup (95 g) | J13: -18°C | K13: 15 months | L13: United States | M13: Paperboard tub with PP lid | N13: Valid | O13: Complete | P13: Complete | Q13: Approved | R13: Approved: All mandatory data complete
A14: FD-TUB-1013 | B14: Ice Cream Tubs | C14: Mango Sorbet | D14: Mango | E14: Water, mango puree (35%), sugar, glucose syrup, lemon juice concentrate, stabilizer (locust bean gum) | F14: None | G14: Missing | H14: 473 mL | I14: 2/3 cup (110 g) | J14: -18°C | K14: 18 months | L14: Brazil | M14: Paperboard tub with PP lid | N14: Valid | O14: Complete | P14: Incomplete | Q14: Blocked | R14: Blocked: Missing Nutrition Facts
A15: FD-TUB-1014 | B15: Ice Cream Tubs | C15: Lemon Sorbet | D15: Lemon | E15: Water, sugar, lemon juice (18%), glucose syrup, lemon zest, stabilizer (guar gum) | F15: None | G15: Complete | H15: 473 mL | I15: 2/3 cup (110 g) | J15: -18°C | K15: 18 months | L15: Brazil | M15: Paperboard tub with PP lid | N15: Valid | O15: Complete | P15: Complete | Q15: Approved | R15: Approved: All mandatory data complete
A16: FD-TUB-1015 | B16: Ice Cream Tubs | C16: Raspberry Sorbet | D16: Raspberry | E16: Water, raspberry puree (30%), sugar, glucose syrup, lemon juice concentrate, stabilizer (locust bean gum) | F16: None | G16: Complete | H16: 473 mL | I16: 2/3 cup (110 g) | J16: -18°C | K16: 18 months | L16: Brazil | M16: Paperboard tub with PP lid | N16: Valid | O16: Complete | P16: Complete | Q16: Approved | R16: Approved: All mandatory data complete
A17: FD-TUB-1016 | B17: Ice Cream Tubs | C17: Coconut Non-Dairy Frozen Dessert | D17: Coconut | E17: Coconut cream (40%), water, sugar, tapioca syrup, toasted coconut flakes, stabilizers (guar gum, locust bean gum), sea salt | F17: None | G17: Complete | H17: 473 mL | I17: 2/3 cup (250 g) | J17: -18°C | K17: 15 months | L17: United States | M17: Paperboard tub with PP lid | N17: Valid | O17: Complete | P17: Complete | Q17: Warning | R17: Warning: Serving size inconsistent
A18: FD-TUB-1017 | B18: Ice Cream Tubs | C18: Stracciatella Gelato | D18: Stracciatella | E18: Whole milk, sugar, cream, skim milk powder, dextrose, stabilizers (locust bean gum, guar gum), dark chocolate shavings (cocoa mass, sugar, cocoa butter, soy lecithin) (8%) | F18: Milk, Soy | G18: Complete | H18: 500 mL | I18: 2/3 cup (100 g) | J18: -18°C | K18: 12 months | L18: United Kingdom | M18: Paperboard tub with PP lid | N18: Valid | O18: Complete | P18: Complete | Q18: Approved | R18: Approved: All mandatory data complete
A19: FD-TUB-1018 | B19: Ice Cream Tubs | C19: Tiramisu Gelato | D19: Tiramisu | E19: Whole milk, sugar, cream, skim milk powder, dextrose, stabilizers (locust bean gum, guar gum), mascarpone (cream, citric acid), ladyfinger pieces (wheat flour, sugar, eggs) soaked in coffee, cocoa powder, Marsala wine | F19: Milk, Wheat, Eggs | G19: Complete | H19: 500 mL | I19: 2/3 cup (100 g) | J19: -18°C | K19: 12 months | L19: United States | M19: Paperboard tub with PP lid | N19: Valid | O19: Complete | P19: Complete | Q19: Approved | R19: Approved: All mandatory data complete
A20: FD-TUB-1019 | B20: Ice Cream Tubs | C20: Cookie Dough Ice Cream | D20: Cookie Dough | E20: Milk, cream, sugar, skim milk powder, glucose syrup, emulsifier (mono- and diglycerides of fatty acids), stabilizers (locust bean gum, guar gum, carrageenan), cookie dough pieces (wheat flour, brown sugar, butter, chocolate chips [sugar, cocoa mass, cocoa butter, soy lecithin], salt) (12%), natural vanilla flavor | F20: Milk, Wheat, Soy | G20: Complete | H20: 1 L | I20: 2/3 cup (95 g) | J20: -18°C | K20: 12 months | L20: United Kingdom | M20: Paperboard tub with PP lid | N20: Valid | O20: Complete | P20: Complete | Q20: Approved | R20: Approved: All mandatory data complete
A21: FD-TUB-1020 | B21: Ice Cream Tubs | C21: Peanut Butter Cup Ice Cream | D21: Peanut Butter | E21: Milk, cream, sugar, skim milk powder, glucose syrup, emulsifier (mono- and diglycerides of fatty acids), stabilizers (locust bean gum, guar gum, carrageenan), peanut butter swirl (peanuts, sugar, salt) (8%), peanut butter cups (milk chocolate [sugar, cocoa butter, milk powder, cocoa mass, soy lecithin], peanuts) (6%) | F21: Milk, Peanuts, Soy | G21: Missing | H21: 1.5 L | I21: 2/3 cup (95 g) | J21: -18°C | K21: 18 months | L21: Canada | M21: Paperboard tub with PP lid | N21: Valid | O21: Complete | P21: Incomplete | Q21: Blocked | R21: Blocked: Missing Nutrition Facts
A22: FD-TUB-1021 | B22: Ice Cream Tubs | C22: Double Chocolate Brownie Ice Cream | D22: Chocolate Brownie | E22: Milk, cream, sugar, skim milk powder, glucose syrup, emulsifier (mono- and diglycerides of fatty acids), stabilizers (locust bean gum, guar gum, carrageenan), cocoa powder, brownie pieces (sugar, wheat flour, eggs, butter, cocoa powder) (9%), chocolate fudge swirl (sugar, glucose syrup, cocoa powder) | F22: Milk, Wheat, Eggs | G22: Complete | H22: 473 mL | I22: 2/3 cup (95 g) | J22: -20°C | K22: 15 months | L22: United Kingdom | M22: Paperboard tub with PP lid | N22: Valid | O22: Complete | P22: Complete | Q22: Approved | R22: Approved: All mandatory data complete
A23: FD-TUB-1022 | B23: Ice Cream Tubs | C23: Neapolitan Ice Cream | D23: Chocolate / Vanilla / Strawberry | E23: Milk, cream, sugar, skim milk powder, glucose syrup, emulsifier (mono- and diglycerides of fatty acids), stabilizers (locust bean gum, guar gum, carrageenan), cocoa powder, strawberry puree (4%), natural vanilla flavor, beet juice concentrate (color) | F23: Milk | G23: Complete | H23: 500 mL | I23: 2/3 cup (95 g) | J23: -18°C | K23: 18 months | L23: Brazil | M23: Paperboard tub with PP lid | N23: Valid | O23: Complete | P23: Complete | Q23: Approved | R23: Approved: All mandatory data complete
A24: FD-TUB-1023 | B24: Ice Cream Tubs | C24: Rum Raisin Ice Cream | D24: Rum Raisin | E24: Milk, cream, sugar, skim milk powder, glucose syrup, emulsifier (mono- and diglycerides of fatty acids), stabilizers (locust bean gum, guar gum, carrageenan), rum-soaked raisins (raisins, rum) (8%), natural rum flavor | F24: Milk | G24: Complete | H24: 1 L | I24: 2/3 cup (95 g) | J24: -18°C | K24: 12 months | L24: Brazil | M24: Paperboard tub with PP lid | N24: Valid | O24: Complete | P24: Complete | Q24: Approved | R24: Approved: All mandatory data complete
A25: FD-TUB-1024 | B25: Ice Cream Tubs | C25: Black Cherry Ice Cream | D25: Black Cherry | E25: Milk, cream, sugar, skim milk powder, glucose syrup, emulsifier (mono- and diglycerides of fatty acids), stabilizers (locust bean gum, guar gum, carrageenan), black cherries (10%), cherry puree, elderberry juice concentrate (color) | F25: Milk | G25: Complete | H25: 1.5 L | I25: 2/3 cup (95 g) | J25: -18°C | K25: 15 months | L25: United States | N25: Valid | O25: Complete | P25: Complete | Q25: Warning | R25: Warning: Packaging information missing
A26: FD-TUB-1025 | B26: Ice Cream Tubs | C26: Matcha Green Tea Ice Cream | D26: Matcha | E26: Milk, cream, sugar, skim milk powder, glucose syrup, emulsifier (mono- and diglycerides of fatty acids), stabilizers (locust bean gum, guar gum, carrageenan), matcha green tea powder (2%) | F26: Milk | G26: Complete | H26: 473 mL | I26: 2/3 cup (95 g) | J26: -18°C | K26: 15 months | L26: United States | M26: Paperboard tub with PP lid | N26: Valid | O26: Complete | P26: Complete | Q26: Approved | R26: Approved: All mandatory data complete
A27: FD-TUB-1026 | B27: Ice Cream Tubs | C27: Cinnamon Churro Ice Cream | D27: Cinnamon Churro | E27: Milk, cream, sugar, skim milk powder, glucose syrup, emulsifier (mono- and diglycerides of fatty acids), stabilizers (locust bean gum, guar gum, carrageenan), ground cinnamon, churro pieces (wheat flour, sugar, sunflower oil, cinnamon, salt) (6%) | F27: Milk, Wheat | G27: Complete | H27: 500 mL | I27: 2/3 cup (95 g) | K27: 15 months | M27: Paperboard tub with PP lid | N27: Valid | O27: Complete | P27: Incomplete | Q27: Blocked | R27: Blocked: Mandatory attributes missing
A28: FD-TUB-1027 | B28: Ice Cream Tubs | C28: Blueberry Cheesecake Ice Cream | D28: Blueberry Cheesecake | E28: Milk, cream, sugar, skim milk powder, glucose syrup, emulsifier (mono- and diglycerides of fatty acids), stabilizers (locust bean gum, guar gum, carrageenan), cream cheese (milk, cream, salt, cultures), blueberry swirl (blueberries, sugar, pectin) (8%), graham cracker pieces (whole wheat flour, sugar, honey, soybean oil) | F28: Milk, Wheat | G28: Complete | H28: 1 L | I28: 2/3 cup (95 g) | J28: -18°C | K28: 18 months | L28: Brazil | M28: Paperboard tub with PP lid | N28: Valid | O28: Complete | P28: Complete | Q28: Approved | R28: Approved: All mandatory data complete
A29: FD-TUB-1028 | B29: Ice Cream Tubs | C29: Almond Fudge Ice Cream | D29: Almond Fudge | E29: Milk, cream, sugar, skim milk powder, glucose syrup, emulsifier (mono- and diglycerides of fatty acids), stabilizers (locust bean gum, guar gum, carrageenan), fudge swirl (sugar, glucose syrup, cocoa powder) (8%), roasted almonds (6%) | G29: Complete | H29: 1.5 L | I29: 2/3 cup (95 g) | J29: -18°C | K29: 12 months | L29: Brazil | M29: Paperboard tub with PP lid | N29: Valid | O29: Complete | P29: Incomplete | Q29: Blocked | R29: Blocked: Missing allergen declaration
A30: FD-BAR-1001 | B30: Ice Cream Bars | C30: Chocolate Coated Vanilla Bar | D30: Vanilla | E30: Vanilla ice cream (milk, cream, sugar, skim milk powder, glucose syrup, emulsifier: mono- and diglycerides, stabilizers: locust bean gum, guar gum, natural vanilla flavor) (70%), milk chocolate coating (sugar, cocoa butter, whole milk powder, cocoa mass, coconut oil, emulsifier: soy lecithin, natural vanilla flavor) (30%) | F30: Milk, Soy | G30: Complete | H30: 70 g | I30: 1 bar (70 g) | J30: -20°C | K30: 12 months | L30: United States | M30: Flow-wrap film (individually wrapped) | N30: Valid | O30: Complete | P30: Complete | Q30: Approved | R30: Approved: All mandatory data complete
A31: FD-BAR-1002 | B31: Ice Cream Bars | C31: Almond Chocolate Bar | D31: Vanilla Almond | E31: Vanilla ice cream (milk, cream, sugar, skim milk powder, glucose syrup, emulsifier: mono- and diglycerides, stabilizers: locust bean gum, guar gum, natural vanilla flavor) (68%), milk chocolate coating (sugar, cocoa butter, whole milk powder, cocoa mass, coconut oil, emulsifier: soy lecithin, natural vanilla flavor) (26%), chopped roasted almonds (6%) | F31: Milk, Soy, Tree Nuts (Almond) | G31: Complete | H31: 70 g | I31: 1 bar (70 g) | J31: -18°C | K31: 12 months | L31: United States | M31: Flow-wrap film (individually wrapped) | N31: Valid | O31: Complete | P31: Complete | Q31: Approved | R31: Approved: All mandatory data complete
A32: FD-BAR-1003 | B32: Ice Cream Bars | C32: Salted Caramel Chocolate Bar | D32: Salted Caramel | E32: Vanilla ice cream (milk, cream, sugar, skim milk powder, glucose syrup, emulsifier: mono- and diglycerides, stabilizers: locust bean gum, guar gum, natural vanilla flavor) (60%), caramel sauce (sugar, glucose syrup, cream, butter, sea salt) (12%), milk chocolate coating (sugar, cocoa butter, whole milk powder, cocoa mass, coconut oil, emulsifier: soy lecithin, natural vanilla flavor) (28%) | F32: Milk, Soy | G32: Complete | H32: 80 g | I32: 1 bar (80 g) | J32: -18°C | K32: 18 months | L32: United States | M32: Flow-wrap film (individually wrapped) | N32: Missing | O32: Complete | P32: Incomplete | Q32: Blocked | R32: Blocked: Barcode missing
A33: FD-BAR-1004 | B33: Ice Cream Bars | C33: Double Chocolate Bar | D33: Chocolate | E33: Chocolate ice cream (milk, cream, sugar, cocoa powder, glucose syrup, emulsifier: mono- and diglycerides, stabilizers: guar gum, carrageenan) (70%), dark chocolate coating (sugar, cocoa mass, cocoa butter, coconut oil, emulsifier: soy lecithin) (30%) | G33: Complete | H33: 70 g | I33: 1 bar (70 g) | J33: -18°C | K33: 18 months | L33: Brazil | M33: Flow-wrap film (individually wrapped) | N33: Valid | O33: Complete | P33: Incomplete | Q33: Blocked | R33: Blocked: Missing allergen declaration
A34: FD-BAR-1005 | B34: Ice Cream Bars | C34: White Chocolate Raspberry Bar | D34: Raspberry White Chocolate | E34: Vanilla ice cream (milk, cream, sugar, skim milk powder, glucose syrup, emulsifier: mono- and diglycerides, stabilizers: locust bean gum, guar gum, natural vanilla flavor) (62%), raspberry sauce (raspberries, sugar, pectin) (10%), white chocolate coating (sugar, cocoa butter, whole milk powder, coconut oil, soy lecithin) (28%) | F34: Milk, Soy | G34: Missing | H34: 70 g | I34: 1 bar (70 g) | J34: -18°C | K34: 12 months | L34: Brazil | M34: Flow-wrap film (individually wrapped) | N34: Valid | O34: Complete | P34: Incomplete | Q34: Blocked | R34: Blocked: Missing Nutrition Facts
A35: FD-BAR-1006 | B35: Ice Cream Bars | C35: Cookies & Cream Bar | D35: Cookies & Cream | E35: Vanilla ice cream (milk, cream, sugar, skim milk powder, glucose syrup, emulsifier: mono- and diglycerides, stabilizers: locust bean gum, guar gum, natural vanilla flavor) (60%), milk chocolate coating (sugar, cocoa butter, whole milk powder, cocoa mass, coconut oil, emulsifier: soy lecithin, natural vanilla flavor) (30%), chocolate cookie crumbs (wheat flour, sugar, palm oil, cocoa powder, salt) (10%) | F35: Milk, Wheat, Soy | G35: Missing | H35: 70 g | I35: 1 bar (70 g) | J35: -18°C | K35: 18 months | L35: United States | M35: Flow-wrap film (individually wrapped) | N35: Valid | O35: Complete | P35: Incomplete | Q35: Blocked | R35: Blocked: Missing Nutrition Facts
A36: FD-BAR-1007 | B36: Ice Cream Bars | C36: Strawberry Fruit Bar | D36: Strawberry | E36: Strawberries (45%), water, sugar, glucose syrup, lemon juice concentrate, stabilizer (guar gum), beet juice concentrate (color) | F36: None | G36: Complete | H36: 60 g | I36: 1 bar (60 g) | J36: -18°C | L36: Canada | M36: Flow-wrap film (individually wrapped) | N36: Valid | O36: Complete | P36: Complete | Q36: Warning | R36: Warning: Shelf life missing
A37: FD-BAR-1008 | B37: Ice Cream Bars | C37: Mango Fruit Bar | D37: Mango | E37: Mango puree (48%), water, sugar, glucose syrup, lime juice concentrate, stabilizer (locust bean gum) | F37: None | G37: Complete | H37: 60 g | I37: 1 bar (60 g) | J37: -18°C | K37: 15 months | L37: United Kingdom | M37: Flow-wrap film (individually wrapped) | N37: Valid | O37: Complete | P37: Complete | Q37: Approved | R37: Approved: All mandatory data complete
A38: FD-BAR-1009 | B38: Ice Cream Bars | C38: Coconut Dark Chocolate Bar | D38: Coconut | E38: Coconut frozen dessert (coconut cream, water, sugar, tapioca syrup, guar gum) (68%), dark chocolate coating (sugar, cocoa mass, cocoa butter, coconut oil, emulsifier: soy lecithin) (32%) | F38: Soy | G38: Complete | H38: 70 g | I38: 1 bar (70 g) | J38: -18°C | K38: 18 months | L38: United States | M38: Flow-wrap film (individually wrapped) | N38: Valid | O38: Complete | P38: Complete | Q38: Approved | R38: Approved: All mandatory data complete
A39: FD-BAR-1010 | B39: Ice Cream Bars | C39: Pistachio Chocolate Bar | D39: Pistachio | E39: Pistachio ice cream (milk, cream, sugar, pistachio paste, glucose syrup, stabilizers: guar gum, locust bean gum) (68%), milk chocolate coating (sugar, cocoa butter, whole milk powder, cocoa mass, coconut oil, emulsifier: soy lecithin, natural vanilla flavor) (26%), chopped pistachios (6%) | F39: Milk, Soy, Tree Nuts (Pistachio) | G39: Complete | H39: 70 g | I39: 1 bar (70 g) | J39: -18°C | K39: 12 months | L39: United States | M39: Flow-wrap film (individually wrapped) | N39: Valid | O39: Complete | P39: Complete | Q39: Approved | R39: Approved: All mandatory data complete
A40: FD-BAR-1011 | B40: Ice Cream Bars | C40: Coffee Mocha Bar | D40: Coffee Mocha | E40: Coffee ice cream (milk, cream, sugar, coffee extract, glucose syrup, stabilizers: guar gum, carrageenan) (70%), dark chocolate coating (sugar, cocoa mass, cocoa butter, coconut oil, emulsifier: soy lecithin) (30%) | F40: Milk, Soy | G40: Complete | H40: 80 g | I40: 1 bar (80 g) | J40: -18°C | K40: 15 months | L40: Brazil | M40: Flow-wrap film (individually wrapped) | N40: Valid | O40: Complete | P40: Complete | Q40: Approved | R40: Approved: All mandatory data complete
A41: FD-BAR-1012 | B41: Ice Cream Bars | C41: Peanut Crunch Bar | D41: Peanut | E41: Peanut butter ice cream (milk, cream, sugar, peanut butter, glucose syrup, stabilizers: guar gum) (64%), milk chocolate coating (sugar, cocoa butter, whole milk powder, cocoa mass, coconut oil, emulsifier: soy lecithin, natural vanilla flavor) (28%), roasted peanut pieces (8%) | F41: Milk, Peanuts, Soy | G41: Complete | H41: 70 g | I41: 1 bar (70 g) | J41: -18°C | K41: 18 months | L41: Brazil | M41: Flow-wrap film (individually wrapped) | N41: Missing | O41: Complete | P41: Incomplete | Q41: Blocked | R41: Blocked: Barcode missing
A42: FD-BAR-1013 | B42: Ice Cream Bars | C42: Hazelnut Praline Bar | D42: Hazelnut | E42: Vanilla ice cream (milk, cream, sugar, skim milk powder, glucose syrup, emulsifier: mono- and diglycerides, stabilizers: locust bean gum, guar gum, natural vanilla flavor) (60%), hazelnut praline sauce (sugar, hazelnuts, sunflower oil) (10%), milk chocolate coating (sugar, cocoa butter, whole milk powder, cocoa mass, coconut oil, emulsifier: soy lecithin, natural vanilla flavor) (26%), chopped hazelnuts (4%) | F42: Milk, Soy, Tree Nuts (Hazelnut) | G42: Complete | H42: 70 g | I42: 1 bar (70 g) | J42: -18°C | K42: 12 months | L42: United States | M42: Flow-wrap film (individually wrapped) | N42: Valid | O42: Complete | P42: Complete | Q42: Approved | R42: Approved: All mandatory data complete
A43: FD-BAR-1014 | B43: Ice Cream Bars | C43: Dark Chocolate Mint Bar | D43: Mint Chocolate | E43: Mint ice cream (milk, cream, sugar, glucose syrup, natural peppermint oil, stabilizers: guar gum, carrageenan) (70%), dark chocolate coating (sugar, cocoa mass, cocoa butter, coconut oil, emulsifier: soy lecithin) (30%) | F43: Milk, Soy | G43: Complete | H43: 70 g | I43: 1 bar (70 g) | J43: -18°C | K43: 18 months | L43: United States | M43: Flow-wrap film (individually wrapped) | N43: Valid | O43: Complete | P43: Complete | Q43: Approved | R43: Approved: All mandatory data complete
A44: FD-BAR-1015 | B44: Ice Cream Bars | C44: Lemon Frozen Yogurt Bar | D44: Lemon | E44: Low-fat yogurt (milk, live cultures) (55%), sugar, lemon juice (8%), glucose syrup, lemon zest, stabilizers (locust bean gum, pectin) | F44: Milk | G44: Complete | H44: 80 g | I44: 1 bar (80 g) | J44: -18°C | L44: Canada | M44: Flow-wrap film (individually wrapped) | N44: Valid | O44: Complete | P44: Complete | Q44: Warning | R44: Warning: Shelf life missing
A45: FD-BAR-1016 | B45: Ice Cream Bars | C45: Dulce de Leche Bar | D45: Dulce de Leche | E45: Vanilla ice cream (milk, cream, sugar, skim milk powder, glucose syrup, emulsifier: mono- and diglycerides, stabilizers: locust bean gum, guar gum, natural vanilla flavor) (60%), dulce de leche (sweetened condensed milk, sugar) (12%), milk chocolate coating (sugar, cocoa butter, whole milk powder, cocoa mass, coconut oil, emulsifier: soy lecithin, natural vanilla flavor) (28%) | F45: Milk, Soy | G45: Complete | H45: 70 g | I45: 1 bar (70 g) | J45: -18°C | L45: United States | M45: Flow-wrap film (individually wrapped) | N45: Valid | O45: Complete | P45: Complete | Q45: Warning | R45: Warning: Shelf life missing
A46: FD-BAR-1017 | B46: Ice Cream Bars | C46: Vanilla Ice Cream Sandwich | D46: Vanilla | E46: Vanilla ice cream (milk, cream, sugar, skim milk powder, glucose syrup, emulsifier: mono- and diglycerides, stabilizers: locust bean gum, guar gum, natural vanilla flavor) (65%), chocolate wafers (wheat flour, sugar, palm oil, cocoa powder, soy lecithin, sodium bicarbonate, salt) (35%) | F46: Milk, Wheat, Soy | G46: Complete | H46: 90 g | I46: 1 sandwich (90 g) | J46: -18°C | K46: 15 months | L46: United States | M46: Flow-wrap film (individually wrapped) | N46: Valid | O46: Complete | P46: Complete | Q46: Approved | R46: Approved: All mandatory data complete
A47: FD-BAR-1018 | B47: Ice Cream Bars | C47: Cherry Chocolate Bar | D47: Cherry | E47: Cherry ice cream (milk, cream, sugar, cherry puree, glucose syrup, stabilizers: guar gum) (70%), dark chocolate coating (sugar, cocoa mass, cocoa butter, coconut oil, emulsifier: soy lecithin) (30%) | F47: Milk, Soy | G47: Complete | H47: 70 g | I47: 1 bar (70 g) | J47: -18°C | K47: 18 months | L47: Brazil | M47: Flow-wrap film (individually wrapped) | N47: Valid | O47: Complete | P47: Complete | Q47: Approved | R47: Approved: All mandatory data complete
A48: FD-CAK-1001 | B48: Frozen Cakes & Tortes | C48: Black Forest Torte | D48: Cherry Chocolate | E48: Cream, chocolate sponge (wheat flour, sugar, eggs, cocoa powder, butter), sour cherries (18%), sugar, cherry brandy (kirsch), dark chocolate shavings (cocoa mass, sugar, cocoa butter), gelatin, stabilizer (modified starch) | F48: Milk, Wheat, Eggs | G48: Complete | H48: 750 g | I48: 1/8 cake (94 g) | J48: -18°C | K48: 9 months | L48: Canada | M48: Printed carton with cardboard base | N48: Valid | O48: Incomplete | P48: Complete | Q48: Warning | R48: Warning: Product description incomplete
A49: FD-CAK-1002 | B49: Frozen Cakes & Tortes | C49: Chocolate Fudge Cake | D49: Chocolate | E49: Sugar, wheat flour, chocolate fudge frosting (sugar, butter, cocoa mass, cream, soy lecithin) (28%), eggs, cocoa powder, sunflower oil, buttermilk, leavening (sodium bicarbonate), salt | F49: Milk, Wheat, Eggs, Soy | G49: Complete | H49: 900 g | I49: 1/10 cake (90 g) | J49: -18°C | K49: 12 months | L49: United States | M49: Printed carton with cardboard base | N49: Valid | O49: Complete | P49: Complete | Q49: Approved | R49: Approved: All mandatory data complete
A50: FD-CAK-1003 | B50: Frozen Cakes & Tortes | C50: Vanilla Ice Cream Cake | D50: Vanilla Chocolate | F50: Milk, Wheat, Eggs, Soy | G50: Complete | H50: 1 kg | I50: 1/10 cake (100 g) | J50: -18°C | K50: 9 months | L50: Brazil | M50: Printed carton with cardboard base | N50: Valid | O50: Complete | P50: Incomplete | Q50: Blocked | R50: Blocked: Missing ingredient list
A51: FD-CAK-1004 | B51: Frozen Cakes & Tortes | C51: Carrot Cake | D51: Carrot Walnut | E51: Carrots (20%), wheat flour, sugar, cream cheese frosting (cream cheese, butter, sugar), eggs, sunflower oil, walnuts (5%), raisins, cinnamon, leavening (sodium bicarbonate), salt | F51: Milk, Wheat, Eggs, Tree Nuts (Walnut) | G51: Complete | H51: 800 g | I51: 1/8 cake (100 g) | J51: -18°C | K51: 12 months | L51: United Kingdom | M51: Printed carton with cardboard base | N51: Valid | O51: Complete | P51: Complete | Q51: Approved | R51: Approved: All mandatory data complete
A52: FD-CAK-1005 | B52: Frozen Cakes & Tortes | C52: Red Velvet Cake | D52: Red Velvet | E52: Sugar, wheat flour, cream cheese frosting (cream cheese, butter, sugar) (30%), eggs, buttermilk, sunflower oil, cocoa powder, beet juice concentrate (color), vinegar, leavening, salt | F52: Milk, Wheat, Eggs | G52: Complete | H52: 750 g | I52: 1/8 cake (94 g) | J52: -18°C | K52: 9 months | L52: United Kingdom | M52: Printed carton with cardboard base | N52: Valid | O52: Complete | P52: Complete | Q52: Approved | R52: Approved: All mandatory data complete
A53: FD-CAK-1006 | B53: Frozen Cakes & Tortes | C53: Tiramisu Torte | D53: Tiramisu | E53: Mascarpone cream (mascarpone, cream, sugar, egg yolk) (50%), ladyfingers (wheat flour, sugar, eggs), coffee (12%), cocoa powder, Marsala wine, gelatin | F53: Milk, Wheat, Eggs | G53: Complete | H53: 900 g | I53: 1/10 cake (90 g) | J53: -18°C | L53: United Kingdom | M53: Printed carton with cardboard base | N53: Valid | O53: Complete | P53: Complete | Q53: Warning | R53: Warning: Shelf life missing
A54: FD-CAK-1007 | B54: Frozen Cakes & Tortes | C54: Lemon Meringue Torte | D54: Lemon | E54: Lemon curd (sugar, lemon juice, eggs, butter, cornstarch) (40%), shortcrust pastry (wheat flour, butter, sugar, eggs), Italian meringue (sugar, egg whites), lemon zest | F54: Milk, Wheat, Eggs | G54: Complete | H54: 1 kg | I54: 1/10 cake (100 g) | J54: -18°C | K54: 9 months | L54: Brazil | M54: Printed carton with cardboard base | N54: Valid | O54: Complete | P54: Complete | Q54: Approved | R54: Approved: All mandatory data complete
A55: FD-CAK-1008 | B55: Frozen Cakes & Tortes | C55: Opera Cake | D55: Coffee Chocolate | E55: Almond sponge (almond flour, eggs, sugar, wheat flour, butter) (35%), coffee buttercream (butter, sugar, egg yolks, coffee extract) (30%), chocolate ganache (cream, dark chocolate [cocoa mass, sugar, cocoa butter, soy lecithin]), coffee syrup | G55: Complete | H55: 800 g | I55: 1/8 cake (100 g) | J55: -18°C | K55: 9 months | L55: United States | M55: Printed carton with cardboard base | N55: Valid | O55: Complete | P55: Incomplete | Q55: Blocked | R55: Blocked: Missing allergen declaration
A56: FD-CAK-1009 | B56: Frozen Cakes & Tortes | C56: Sachertorte | D56: Chocolate Apricot | E56: Chocolate sponge (eggs, sugar, butter, wheat flour, dark chocolate) (55%), apricot jam (apricots, sugar, pectin) (15%), chocolate glaze (sugar, cocoa mass, cocoa butter, soy lecithin) (30%) | F56: Milk, Wheat, Eggs, Soy | G56: Complete | H56: 750 g | I56: 1/8 cake (94 g) | J56: -18°C | K56: 9 months | L56: United Kingdom | N56: Valid | O56: Complete | P56: Complete | Q56: Warning | R56: Warning: Packaging information missing
A57: FD-CAK-1010 | B57: Frozen Cakes & Tortes | C57: Hazelnut Praline Torte | D57: Hazelnut | E57: Hazelnut mousse (cream, hazelnut paste, sugar, gelatin) (40%), sponge cake (wheat flour, sugar, eggs, butter, leavening: sodium bicarbonate, salt), praline crunch (hazelnuts, sugar, wafer crumbs [wheat flour], soy lecithin), milk chocolate glaze | F57: Milk, Wheat, Eggs, Tree Nuts (Hazelnut), Soy | G57: Complete | H57: 900 g | I57: 1/10 cake (90 g) | J57: -18°C | K57: 12 months | L57: Canada | M57: Printed carton with cardboard base | N57: Valid | O57: Complete | P57: Complete | Q57: Approved | R57: Approved: All mandatory data complete
A58: FD-CAK-1011 | B58: Frozen Cakes & Tortes | C58: Raspberry Almond Torte | D58: Raspberry Almond | E58: Almond frangipane (ground almonds, butter, sugar, eggs) (40%), shortcrust pastry (wheat flour, butter, sugar), raspberries (18%), raspberry jam, flaked almonds | F58: Milk, Wheat, Eggs, Tree Nuts (Almond) | G58: Complete | I58: 1/10 cake (100 g) | J58: -18°C | K58: 9 months | L58: Canada | M58: Printed carton with cardboard base | N58: Valid | O58: Complete | P58: Incomplete | Q58: Blocked | R58: Blocked: Net weight missing
A59: FD-CAK-1012 | B59: Frozen Cakes & Tortes | C59: Coconut Layer Cake | D59: Coconut | E59: Sugar, wheat flour, coconut buttercream (butter, sugar, coconut cream) (28%), eggs, desiccated coconut (8%), buttermilk, sunflower oil, leavening, salt | F59: Milk, Wheat, Eggs | G59: Complete | H59: 800 g | I59: 1/8 cake (100 g) | J59: -18°C | K59: 9 months | L59: United States | M59: Printed carton with cardboard base | N59: Valid | O59: Complete | P59: Complete | Q59: Approved | R59: Approved: All mandatory data complete
A60: FD-CAK-1013 | B60: Frozen Cakes & Tortes | C60: Strawberry Shortcake | D60: Strawberry | E60: Sponge cake (wheat flour, sugar, eggs, butter, leavening: sodium bicarbonate, salt) (40%), whipped cream (cream, sugar) (35%), strawberries (20%), strawberry glaze (sugar, strawberry puree, pectin) | F60: Milk, Wheat, Eggs | G60: Complete | H60: 750 g | I60: 1/8 cake (94 g) | J60: -18°C | K60: 12 months | L60: United Kingdom | M60: Printed carton with cardboard base | N60: Valid | O60: Complete | P60: Complete | Q60: Approved | R60: Approved: All mandatory data complete
A61: FD-CAK-1014 | B61: Frozen Cakes & Tortes | C61: Mocha Torte | D61: Mocha | E61: Chocolate sponge (wheat flour, sugar, eggs, cocoa powder, butter) (40%), mocha buttercream (butter, sugar, coffee extract, cocoa) (35%), dark chocolate ganache (cream, cocoa mass, sugar, soy lecithin) | F61: Milk, Wheat, Eggs, Soy | G61: Complete | I61: 1/10 cake (90 g) | J61: -18°C | K61: 12 months | L61: United States | M61: Printed carton with cardboard base | N61: Valid | O61: Complete | P61: Incomplete | Q61: Blocked | R61: Blocked: Net weight missing
A62: FD-CAK-1015 | B62: Frozen Cakes & Tortes | C62: Flourless Chocolate Truffle Torte | D62: Dark Chocolate | E62: Dark chocolate (cocoa mass, sugar, cocoa butter, soy lecithin) (45%), cream, eggs, butter, sugar, cocoa powder | F62: Milk, Eggs, Soy | G62: Complete | H62: 1 kg | I62: 1/10 cake (100 g) | J62: -18°C | K62: 12 months | L62: United States | M62: Printed carton with cardboard base | N62: Valid | O62: Complete | P62: Complete | Q62: Approved | R62: Approved: All mandatory data complete
A63: FD-CAK-1016 | B63: Frozen Cakes & Tortes | C63: Apple Crumble Cake | D63: Apple Cinnamon | F63: Milk, Wheat, Eggs | G63: Complete | H63: 800 g | I63: 1/8 cake (100 g) | J63: -18°C | K63: 9 months | L63: United States | M63: Printed carton with cardboard base | N63: Valid | O63: Complete | P63: Incomplete | Q63: Blocked | R63: Blocked: Missing ingredient list
A64: FD-CHK-1001 | B64: Frozen Cheesecakes | C64: New York Cheesecake | D64: Original | E64: Cream cheese (pasteurized milk and cream, salt, cultures), sugar, eggs, sour cream (cultured cream), graham cracker crust (whole wheat flour, sugar, butter, honey, salt), cornstarch, natural vanilla flavor | F64: Milk, Wheat, Eggs | G64: Complete | H64: 650 g | I64: 1/8 cheesecake (81 g) | J64: -18°C | K64: 9 months | L64: United States | M64: Cardboard round with printed carton | N64: Valid | O64: Complete | P64: Complete | Q64: Approved | R64: Approved: All mandatory data complete
A65: FD-CHK-1002 | B65: Frozen Cheesecakes | C65: Strawberry Cheesecake | D65: Strawberry | E65: Cream cheese (pasteurized milk and cream, salt, cultures), sugar, eggs, sour cream (cultured cream), graham cracker crust (whole wheat flour, sugar, butter, honey, salt), cornstarch, natural vanilla flavor, strawberry topping (strawberries, sugar, modified starch, lemon juice) (18%) | F65: Milk, Wheat, Eggs | G65: Complete | H65: 650 g | I65: 1/8 cheesecake (81 g) | K65: 9 months | M65: Cardboard round with printed carton | N65: Valid | O65: Complete | P65: Incomplete | Q65: Blocked | R65: Blocked: Mandatory attributes missing
A66: FD-CHK-1003 | B66: Frozen Cheesecakes | C66: Blueberry Cheesecake | D66: Blueberry | E66: Cream cheese (pasteurized milk and cream, salt, cultures), sugar, eggs, sour cream (cultured cream), graham cracker crust (whole wheat flour, sugar, butter, honey, salt), cornstarch, natural vanilla flavor, blueberry topping (blueberries, sugar, modified starch) (18%) | F66: Milk, Wheat, Eggs | G66: Complete | H66: 900 g | I66: 1/10 cheesecake (90 g) | J66: -20°C | K66: 9 months | L66: United States | M66: Cardboard round with printed carton | N66: Valid | O66: Complete | P66: Complete | Q66: Approved | R66: Approved: All mandatory data complete
A67: FD-CHK-1004 | B67: Frozen Cheesecakes | C67: Raspberry Swirl Cheesecake | D67: Raspberry | E67: Cream cheese (pasteurized milk and cream, salt, cultures), sugar, eggs, sour cream (cultured cream), graham cracker crust (whole wheat flour, sugar, butter, honey, salt), cornstarch, natural vanilla flavor, raspberry puree swirl (raspberries, sugar, pectin) (10%) | F67: Milk, Wheat, Eggs | G67: Complete | H67: 650 g | I67: 1/8 cheesecake (81 g) | J67: -20°C | K67: 12 months | L67: Brazil | M67: Cardboard round with printed carton | N67: Valid | O67: Complete | P67: Complete | Q67: Approved | R67: Approved: All mandatory data complete
A68: FD-CHK-1005 | B68: Frozen Cheesecakes | C68: Chocolate Cheesecake | D68: Chocolate | E68: Cream cheese (pasteurized milk and cream, salt, cultures), sugar, eggs, sour cream (cultured cream), graham cracker crust (whole wheat flour, sugar, butter, honey, salt), cornstarch, natural vanilla flavor, dark chocolate (cocoa mass, sugar, cocoa butter, soy lecithin) (12%), cocoa powder | F68: Milk, Wheat, Eggs, Soy | G68: Complete | H68: 1.1 kg | I68: 1/12 cheesecake (250 g) | J68: -18°C | K68: 12 months | L68: United States | M68: Cardboard round with printed carton | N68: Valid | O68: Complete | P68: Complete | Q68: Warning | R68: Warning: Serving size inconsistent
A69: FD-CHK-1006 | B69: Frozen Cheesecakes | C69: Salted Caramel Cheesecake | D69: Salted Caramel | E69: Cream cheese (pasteurized milk and cream, salt, cultures), sugar, eggs, sour cream (cultured cream), graham cracker crust (whole wheat flour, sugar, butter, honey, salt), cornstarch, natural vanilla flavor, caramel topping (sugar, cream, butter, glucose syrup, sea salt) (12%) | F69: Milk, Wheat, Eggs | G69: Complete | H69: 650 g | I69: 1/8 cheesecake (81 g) | J69: -18°C | K69: 12 months | L69: United States | M69: Cardboard round with printed carton | N69: Valid | O69: Complete | P69: Complete | Q69: Approved | R69: Approved: All mandatory data complete
A70: FD-CHK-1007 | B70: Frozen Cheesecakes | C70: Lemon Cheesecake | D70: Lemon | F70: Milk, Wheat, Eggs | G70: Complete | H70: 650 g | I70: 1/8 cheesecake (81 g) | J70: -18°C | K70: 12 months | L70: Canada | M70: Cardboard round with printed carton | N70: Valid | O70: Complete | P70: Incomplete | Q70: Blocked | R70: Blocked: Missing ingredient list
A71: FD-CHK-1008 | B71: Frozen Cheesecakes | C71: Mango Passion Fruit Cheesecake | D71: Mango Passion Fruit | E71: Cream cheese (pasteurized milk and cream, salt, cultures), sugar, eggs, sour cream (cultured cream), graham cracker crust (whole wheat flour, sugar, butter, honey, salt), cornstarch, natural vanilla flavor, mango passion fruit topping (mango puree, passion fruit juice, sugar, gelatin) (15%) | F71: Milk, Wheat, Eggs | G71: Complete | H71: 900 g | I71: 1/10 cheesecake (90 g) | J71: -18°C | K71: 12 months | L71: United States | M71: Cardboard round with printed carton | N71: Valid | O71: Complete | P71: Complete | Q71: Approved | R71: Approved: All mandatory data complete
A72: FD-CHK-1009 | B72: Frozen Cheesecakes | C72: Cherry Cheesecake | D72: Cherry | E72: Cream cheese (pasteurized milk and cream, salt, cultures), sugar, eggs, sour cream (cultured cream), graham cracker crust (whole wheat flour, sugar, butter, honey, salt), cornstarch, natural vanilla flavor, cherry topping (cherries, sugar, modified starch, elderberry juice concentrate) (18%) | F72: Milk, Wheat, Eggs | G72: Complete | H72: 650 g | I72: 1/8 cheesecake (81 g) | J72: -18°C | K72: 9 months | L72: Mexico | M72: Cardboard round with printed carton | N72: Valid | O72: Incomplete | P72: Complete | Q72: Warning | R72: Warning: Product description incomplete
A73: FD-CHK-1010 | B73: Frozen Cheesecakes | C73: Cookies & Cream Cheesecake | D73: Cookies & Cream | E73: Cream cheese (pasteurized milk and cream, salt, cultures), sugar, eggs, sour cream (cultured cream), graham cracker crust (whole wheat flour, sugar, butter, honey, salt), cornstarch, natural vanilla flavor, chocolate cookie pieces (wheat flour, sugar, palm oil, cocoa powder, soy lecithin, salt) (10%) | F73: Milk, Wheat, Eggs, Soy | G73: Complete | H73: 1.1 kg | I73: 1/12 cheesecake (92 g) | J73: -18°C | K73: 9 months | L73: Brazil | M73: Cardboard round with printed carton | N73: Valid | O73: Incomplete | P73: Complete | Q73: Warning | R73: Warning: Product description incomplete
A74: FD-CHK-1011 | B74: Frozen Cheesecakes | C74: Pumpkin Spice Cheesecake | D74: Pumpkin Spice | F74: Milk, Wheat, Eggs | G74: Complete | H74: 650 g | I74: 1/8 cheesecake (81 g) | J74: -18°C | K74: 9 months | L74: United States | M74: Cardboard round with printed carton | N74: Valid | O74: Complete | P74: Incomplete | Q74: Blocked | R74: Blocked: Missing ingredient list
A75: FD-CHK-1012 | B75: Frozen Cheesecakes | C75: Key Lime Cheesecake | D75: Key Lime | E75: Cream cheese (pasteurized milk and cream, salt, cultures), sugar, eggs, sour cream (cultured cream), graham cracker crust (whole wheat flour, sugar, butter, honey, salt), cornstarch, natural vanilla flavor, key lime juice (6%), lime zest, whipped cream topping | F75: Milk, Wheat, Eggs | G75: Complete | H75: 650 g | I75: 1/8 cheesecake (81 g) | J75: -18°C | K75: 9 months | L75: United States | M75: Cardboard round with printed carton | N75: Valid | O75: Complete | P75: Complete | Q75: Approved | R75: Approved: All mandatory data complete
A76: FD-CUP-1001 | B76: Frozen Dessert Cups | C76: Chocolate Brownie Sundae Cup | D76: Chocolate Brownie | E76: Chocolate ice cream (milk, cream, sugar, cocoa powder, glucose syrup, stabilizers: guar gum, carrageenan) (70%), brownie pieces (sugar, wheat flour, eggs, butter, cocoa) (15%), chocolate sauce (sugar, glucose syrup, cocoa, soy lecithin) (15%) | F76: Milk, Wheat, Eggs, Soy | G76: Complete | H76: 100 g | I76: 1 cup (130 g) | J76: -18°C | K76: 15 months | L76: Canada | M76: PP cup with peelable foil lid | N76: Valid | O76: Complete | P76: Complete | Q76: Warning | R76: Warning: Serving size inconsistent
A77: FD-CUP-1002 | B77: Frozen Dessert Cups | C77: Vanilla Ice Cream Cup | D77: Vanilla | E77: Milk, cream, sugar, skim milk powder, glucose syrup, emulsifier (mono- and diglycerides of fatty acids), stabilizers (locust bean gum, guar gum, carrageenan), natural vanilla extract | F77: Milk | G77: Complete | H77: 120 mL | I77: 1 cup (80 g) | J77: -18°C | K77: 15 months | L77: United States | M77: PP cup with peelable foil lid | N77: Valid | O77: Complete | P77: Complete | Q77: Approved | R77: Approved: All mandatory data complete
A78: FD-CUP-1003 | B78: Frozen Dessert Cups | C78: Strawberry Swirl Cup | D78: Strawberry | E78: Milk, cream, sugar, skim milk powder, glucose syrup, emulsifier (mono- and diglycerides of fatty acids), stabilizers (locust bean gum, guar gum, carrageenan), strawberry sauce (strawberries, sugar, pectin) (12%), natural vanilla flavor | F78: Milk | G78: Complete | H78: 120 mL | I78: 1 cup (80 g) | J78: -18°C | K78: 12 months | L78: United States | M78: PP cup with peelable foil lid | N78: Missing | O78: Complete | P78: Incomplete | Q78: Blocked | R78: Blocked: Barcode missing
A79: FD-CUP-1004 | B79: Frozen Dessert Cups | C79: Tiramisu Dessert Cup | D79: Tiramisu | E79: Mascarpone cream (mascarpone, cream, sugar, egg yolk) (60%), ladyfinger pieces (wheat flour, sugar, eggs) soaked in coffee (25%), cocoa powder | F79: Milk, Wheat, Eggs | G79: Complete | H79: 100 g | I79: 1 cup (100 g) | J79: -18°C | K79: 15 months | L79: United States | M79: PP cup with peelable foil lid | N79: Valid | O79: Complete | P79: Complete | Q79: Approved | R79: Approved: All mandatory data complete
A80: FD-CUP-1005 | B80: Frozen Dessert Cups | C80: Berry Panna Cotta Cup | D80: Mixed Berry | E80: Cream (60%), milk, sugar, mixed berry compote (strawberries, raspberries, blueberries, sugar) (15%), gelatin, natural vanilla flavor | F80: Milk | G80: Complete | H80: 100 g | I80: 1 cup (100 g) | K80: 12 months | M80: PP cup with peelable foil lid | N80: Valid | O80: Complete | P80: Incomplete | Q80: Blocked | R80: Blocked: Mandatory attributes missing
A81: FD-CUP-1006 | B81: Frozen Dessert Cups | C81: Crème Brûlée Cup | D81: Vanilla Custard | E81: Cream (65%), egg yolks, sugar, caramelized sugar topping, natural vanilla extract | F81: Milk, Eggs | G81: Missing | H81: 100 g | I81: 1 cup (100 g) | J81: -18°C | K81: 9 months | L81: United States | M81: PP cup with peelable foil lid | N81: Valid | O81: Complete | P81: Incomplete | Q81: Blocked | R81: Blocked: Missing Nutrition Facts
A82: FD-CUP-1007 | B82: Frozen Dessert Cups | C82: Key Lime Pie Cup | D82: Key Lime | E82: Sweetened condensed milk (milk, sugar), key lime juice (10%), egg yolks, graham cracker crumbs (whole wheat flour, sugar, butter, honey), whipped cream | F82: Milk, Wheat, Eggs | G82: Complete | H82: 100 g | I82: 1 cup (100 g) | J82: -18°C | K82: 15 months | L82: Brazil | M82: PP cup with peelable foil lid | N82: Valid | O82: Complete | P82: Complete | Q82: Approved | R82: Approved: All mandatory data complete
A83: FD-CUP-1008 | B83: Frozen Dessert Cups | C83: Banoffee Cup | D83: Banana Toffee | E83: Toffee sauce (sweetened condensed milk, butter, brown sugar) (30%), banana puree (20%), whipped cream, biscuit crumbs (wheat flour, sugar, butter) | F83: Milk, Wheat | G83: Complete | H83: 100 g | I83: 1 cup (100 g) | J83: -18°C | K83: 12 months | L83: United States | M83: PP cup with peelable foil lid | N83: Valid | O83: Complete | P83: Complete | Q83: Approved | R83: Approved: All mandatory data complete
A84: FD-CUP-1009 | B84: Frozen Dessert Cups | C84: Affogato Cup | D84: Coffee Vanilla | E84: Milk, cream, sugar, skim milk powder, glucose syrup, emulsifier (mono- and diglycerides of fatty acids), stabilizers (locust bean gum, guar gum, carrageenan), espresso coffee sauce (water, coffee, sugar) (10%), natural vanilla flavor | F84: Milk | G84: Complete | H84: 120 mL | I84: 1 cup (80 g) | J84: -18°C | K84: 9 months | L84: United States | N84: Valid | O84: Complete | P84: Complete | Q84: Warning | R84: Warning: Packaging information missing
A85: FD-CUP-1010 | B85: Frozen Dessert Cups | C85: Mango Sorbet Cup | D85: Mango | E85: Water, mango puree (35%), sugar, glucose syrup, lemon juice concentrate, stabilizer (locust bean gum) | F85: None | G85: Complete | H85: 120 mL | I85: 1 cup (80 g) | J85: -18°C | K85: 9 months | L85: Canada | M85: PP cup with peelable foil lid | N85: Valid | O85: Complete | P85: Complete | Q85: Approved | R85: Approved: All mandatory data complete
A86: FD-MOU-1001 | B86: Frozen Mousses | C86: Belgian Chocolate Mousse | D86: Chocolate | E86: Cream, Belgian dark chocolate (cocoa mass, sugar, cocoa butter, soy lecithin) (25%), sugar, egg whites, egg yolks, cocoa powder | F86: Milk, Eggs, Soy | G86: Complete | H86: 240 g (4 x 60 g) | I86: 1 cup (60 g) | J86: -18°C | K86: 12 months | L86: United States | M86: PET cups with peelable lid, carton sleeve | N86: Valid | O86: Complete | P86: Complete | Q86: Approved | R86: Approved: All mandatory data complete
A87: FD-MOU-1002 | B87: Frozen Mousses | C87: Lemon Mousse Cup | D87: Lemon | E87: Cream, lemon curd (sugar, lemon juice, eggs, butter) (25%), sugar, gelatin, lemon zest | F87: Milk, Eggs | G87: Complete | H87: 240 g (4 x 60 g) | I87: 1 cup (60 g) | J87: -18°C | K87: 9 months | L87: United States | M87: PET cups with peelable lid, carton sleeve | N87: Valid | O87: Complete | P87: Complete | Q87: Approved | R87: Approved: All mandatory data complete
A88: FD-MOU-1003 | B88: Frozen Mousses | C88: Raspberry Mousse | D88: Raspberry | E88: Cream, raspberry puree (25%), sugar, skim milk powder, gelatin, lemon juice concentrate | F88: Milk | G88: Complete | H88: 240 g (4 x 60 g) | I88: 1 cup (60 g) | J88: -18°C | K88: 9 months | L88: Brazil | N88: Valid | O88: Complete | P88: Complete | Q88: Warning | R88: Warning: Packaging information missing
A89: FD-MOU-1004 | B89: Frozen Mousses | C89: Passion Fruit Mousse | D89: Passion Fruit | E89: Cream, passion fruit pulp (22%), sweetened condensed milk (milk, sugar), sugar, gelatin | F89: Milk | G89: Complete | I89: 1 cup (60 g) | J89: -18°C | K89: 9 months | L89: United States | M89: PET cups with peelable lid, carton sleeve | N89: Valid | O89: Complete | P89: Incomplete | Q89: Blocked | R89: Blocked: Net weight missing
A90: FD-MOU-1005 | B90: Frozen Mousses | C90: White Chocolate Mousse | D90: White Chocolate | E90: Cream, white chocolate (sugar, cocoa butter, whole milk powder, soy lecithin, vanilla) (25%), sugar, skim milk powder, gelatin | F90: Milk, Soy | G90: Complete | H90: 240 g (4 x 60 g) | I90: 1 cup (60 g) | J90: -18°C | K90: 9 months | L90: Canada | M90: PET cups with peelable lid, carton sleeve | N90: Valid | O90: Complete | P90: Complete | Q90: Approved | R90: Approved: All mandatory data complete
A91: FD-MOU-1006 | B91: Frozen Mousses | C91: Coffee Mousse | D91: Coffee | E91: Cream, sugar, egg yolks, coffee extract (3%), skim milk powder, gelatin, cocoa powder | F91: Milk, Eggs | G91: Complete | H91: 240 g (4 x 60 g) | I91: 1 cup (60 g) | J91: -18°C | K91: 9 months | L91: United States | M91: PET cups with peelable lid, carton sleeve | N91: Valid | O91: Complete | P91: Complete | Q91: Approved | R91: Approved: All mandatory data complete

Sheet Validation_Summary
A1: Launch Status | B1: Product Count | C1: % of Total | E1: Validation Result | F1: Launch Status | G1: Product Count | H1: % of Total
A2: Approved | B2: =COUNTIF(Product_Audit!$Q$2:$Q$91,A2) -> 48 | C2: =B2/COUNTA(Product_Audit!$A$2:$A$91) -> 0.53333333 | E2: Approved: All mandatory data complete | F2: Approved | G2: =COUNTIF(Product_Audit!$R$2:$R$91,E2) -> 48 | H2: =G2/COUNTA(Product_Audit!$A$2:$A$91) -> 0.53333333
A3: Warning | B3: =COUNTIF(Product_Audit!$Q$2:$Q$91,A3) -> 18 | C3: =B3/COUNTA(Product_Audit!$A$2:$A$91) -> 0.2 | E3: Blocked: Missing allergen declaration | F3: Blocked | G3: =COUNTIF(Product_Audit!$R$2:$R$91,E3) -> 5 | H3: =G3/COUNTA(Product_Audit!$A$2:$A$91) -> 0.055555556
A4: Blocked | B4: =COUNTIF(Product_Audit!$Q$2:$Q$91,A4) -> 24 | C4: =B4/COUNTA(Product_Audit!$A$2:$A$91) -> 0.26666667 | E4: Blocked: Missing Nutrition Facts | F4: Blocked | G4: =COUNTIF(Product_Audit!$R$2:$R$91,E4) -> 5 | H4: =G4/COUNTA(Product_Audit!$A$2:$A$91) -> 0.055555556
E5: Blocked: Missing ingredient list | F5: Blocked | G5: =COUNTIF(Product_Audit!$R$2:$R$91,E5) -> 4 | H5: =G5/COUNTA(Product_Audit!$A$2:$A$91) -> 0.044444444
E6: Blocked: Net weight missing | F6: Blocked | G6: =COUNTIF(Product_Audit!$R$2:$R$91,E6) -> 3 | H6: =G6/COUNTA(Product_Audit!$A$2:$A$91) -> 0.033333333
E7: Blocked: Mandatory attributes missing | F7: Blocked | G7: =COUNTIF(Product_Audit!$R$2:$R$91,E7) -> 3 | H7: =G7/COUNTA(Product_Audit!$A$2:$A$91) -> 0.033333333
E8: Blocked: Barcode missing | F8: Blocked | G8: =COUNTIF(Product_Audit!$R$2:$R$91,E8) -> 4 | H8: =G8/COUNTA(Product_Audit!$A$2:$A$91) -> 0.044444444
E9: Warning: Shelf life missing | F9: Warning | G9: =COUNTIF(Product_Audit!$R$2:$R$91,E9) -> 5 | H9: =G9/COUNTA(Product_Audit!$A$2:$A$91) -> 0.055555556
E10: Warning: Serving size inconsistent | F10: Warning | G10: =COUNTIF(Product_Audit!$R$2:$R$91,E10) -> 5 | H10: =G10/COUNTA(Product_Audit!$A$2:$A$91) -> 0.055555556
E11: Warning: Product description incomplete | F11: Warning | G11: =COUNTIF(Product_Audit!$R$2:$R$91,E11) -> 4 | H11: =G11/COUNTA(Product_Audit!$A$2:$A$91) -> 0.044444444
E12: Warning: Packaging information missing | F12: Warning | G12: =COUNTIF(Product_Audit!$R$2:$R$91,E12) -> 4 | H12: =G12/COUNTA(Product_Audit!$A$2:$A$91) -> 0.044444444

Sheet Category_Summary
A1: Category | B1: Total Products | C1: Approved | D1: Warning | E1: Blocked | F1: Blocked % | G1: Launch-Ready %
A2: Ice Cream Tubs | B2: =COUNTIF(Product_Audit!$B$2:$B$91,A2) -> 28 | C2: =COUNTIFS(Product_Audit!$B$2:$B$91,$A2,Product_Audit!$Q$2:$Q$91,"Approved") -> 15 | D2: =COUNTIFS(Product_Audit!$B$2:$B$91,$A2,Product_Audit!$Q$2:$Q$91,"Warning") -> 6 | E2: =COUNTIFS(Product_Audit!$B$2:$B$91,$A2,Product_Audit!$Q$2:$Q$91,"Blocked") -> 7 | F2: =IF(B2=0,0,E2/B2) -> 0.25 | G2: =IF(B2=0,0,C2/B2) -> 0.53571429
A3: Ice Cream Bars | B3: =COUNTIF(Product_Audit!$B$2:$B$91,A3) -> 18 | C3: =COUNTIFS(Product_Audit!$B$2:$B$91,$A3,Product_Audit!$Q$2:$Q$91,"Approved") -> 10 | D3: =COUNTIFS(Product_Audit!$B$2:$B$91,$A3,Product_Audit!$Q$2:$Q$91,"Warning") -> 3 | E3: =COUNTIFS(Product_Audit!$B$2:$B$91,$A3,Product_Audit!$Q$2:$Q$91,"Blocked") -> 5 | F3: =IF(B3=0,0,E3/B3) -> 0.27777778 | G3: =IF(B3=0,0,C3/B3) -> 0.55555556
A4: Frozen Cakes & Tortes | B4: =COUNTIF(Product_Audit!$B$2:$B$91,A4) -> 16 | C4: =COUNTIFS(Product_Audit!$B$2:$B$91,$A4,Product_Audit!$Q$2:$Q$91,"Approved") -> 8 | D4: =COUNTIFS(Product_Audit!$B$2:$B$91,$A4,Product_Audit!$Q$2:$Q$91,"Warning") -> 3 | E4: =COUNTIFS(Product_Audit!$B$2:$B$91,$A4,Product_Audit!$Q$2:$Q$91,"Blocked") -> 5 | F4: =IF(B4=0,0,E4/B4) -> 0.3125 | G4: =IF(B4=0,0,C4/B4) -> 0.5
A5: Frozen Cheesecakes | B5: =COUNTIF(Product_Audit!$B$2:$B$91,A5) -> 12 | C5: =COUNTIFS(Product_Audit!$B$2:$B$91,$A5,Product_Audit!$Q$2:$Q$91,"Approved") -> 6 | D5: =COUNTIFS(Product_Audit!$B$2:$B$91,$A5,Product_Audit!$Q$2:$Q$91,"Warning") -> 3 | E5: =COUNTIFS(Product_Audit!$B$2:$B$91,$A5,Product_Audit!$Q$2:$Q$91,"Blocked") -> 3 | F5: =IF(B5=0,0,E5/B5) -> 0.25 | G5: =IF(B5=0,0,C5/B5) -> 0.5
A6: Frozen Dessert Cups | B6: =COUNTIF(Product_Audit!$B$2:$B$91,A6) -> 10 | C6: =COUNTIFS(Product_Audit!$B$2:$B$91,$A6,Product_Audit!$Q$2:$Q$91,"Approved") -> 5 | D6: =COUNTIFS(Product_Audit!$B$2:$B$91,$A6,Product_Audit!$Q$2:$Q$91,"Warning") -> 2 | E6: =COUNTIFS(Product_Audit!$B$2:$B$91,$A6,Product_Audit!$Q$2:$Q$91,"Blocked") -> 3 | F6: =IF(B6=0,0,E6/B6) -> 0.3 | G6: =IF(B6=0,0,C6/B6) -> 0.5
A7: Frozen Mousses | B7: =COUNTIF(Product_Audit!$B$2:$B$91,A7) -> 6 | C7: =COUNTIFS(Product_Audit!$B$2:$B$91,$A7,Product_Audit!$Q$2:$Q$91,"Approved") -> 4 | D7: =COUNTIFS(Product_Audit!$B$2:$B$91,$A7,Product_Audit!$Q$2:$Q$91,"Warning") -> 1 | E7: =COUNTIFS(Product_Audit!$B$2:$B$91,$A7,Product_Audit!$Q$2:$Q$91,"Blocked") -> 1 | F7: =IF(B7=0,0,E7/B7) -> 0.16666667 | G7: =IF(B7=0,0,C7/B7) -> 0.66666667
